7665,['挺好用']
3775,"['帮', '朋友', '还好']"
9673,"['京东', '服务', '真', '第二天', '收到', '货', '厂家', '售后服务', '太', '差', '装机', '费', '收', '260几米', '保修', '开发票', '我住', '城区', '上门', '安装', '收', '20块钱', '上门', '费', '山区', '吖', '免费', '装机', '还收', '上门', '费', '请问', '我能', '脏话', '没什么']"
3933,"['阿里斯顿', '安装', '电话', '不通', '着急', '安装']"
7672,"['依旧会', '洗', '一半', '水', '加热', '速度', '蛮快']"
7919,"['还好', '感觉', '洗', '温度', '掉', '快', '用花', '洒']"
3857,"['安装', '安装', '评价']"
3749,"['海尔', '史密斯', '60升', '升温快', '出水', '省', '电']"
5025,['热水器']
3761,"['没用', '感觉', '不错']"
5049,['分']
3892,"['东西', '不错', '建议', '细节', '热水器', '插座', '16A', '粗孔', '我家', '安装', '插座', '10A', '改', '插座', '麻烦', '安装', '前', '操作', '条件', '核实', '一项', '我省', '好多', '事儿']"
6474,"['看着', '不错', '没用']"
3705,"['感觉', '安装费', '300有点', '贵']"
285 ,"['安装', '年']"
7934,"['字', '快']"
3776,"['朋友', '家里', '推荐', '热水器']"
541 ,"['速热', '功能', '安装费', '贵', '点', '几十', '公分', '管子', '要收', '250块']"
3745,"['装修', '开箱', '想', '好评']"
5021,['牌子']
729 ,"['收费', '不合理', '贵']"
3866,"['奶奶', '安装', '收', '300费用', '银子']"
283 ,"['不错', '够', '尽情', '洗']"
7942,"['热水器', '真的', '挺不错', '多久', '希望', '广告', '所说']"
8524,"['半胆', '加热', '水温', '经常出现', '忽冷忽热']"
3893,"['热水器', '要选', '史密斯', '物有所值']"
3930,"['感觉', '行', '一段时间']"
3872,"['恭维', '品牌', '自付', '安装费', '服务', '差', '客服', '人员', '自称', 'AO', '史密斯']"
6469,"['安装工人', '认真负责']"
3932,"['好用', '热水器', '上次', '京东', '商城', '阿里斯顿', '太', '上次', '阿里斯顿', '两年', '坏', '修', '上次', '热水器', '加热', '太慢', '安装费', '太贵', '免费', '安装', '只收', '材料费', '材料', '买贵', '好几倍', '花', '多太黑', '修', '保修', '一年', '修', '新', '热水器', '钱', '安装', '安装', '电话', '不通', '着急', '安装', '一分钱', '花']"
6444,"['几天', '感觉', '不错', '水', '很大', '热']"
8463,"['安装费', '太高', '燃油费', '弄', '170']"
3805,"['服务', '不错', '材料费', '贵', '热水器', '质量', '谱']"
9176,"['快递', '差点', '送到', '楼下', '弄']"
286 ,"['点火', '真心', '快', '冬天', '一秒钟', '嫌', '冷']"
8264,"['师傅', '装', '弄', '洗手间', '全是', '水', '满意', '产品', '无可挑剔']"
6584,
3828,"['牌子', '没用']"
3162,"['史密斯', '热水器', '热', '特别', '快']"
5279,['aweqwewqeqwe']
7207,"['热水器', '不错', '安装工人', '素质', '太低', '提供', '配件', '畜生', '遥控', '偷走', '垃圾', '售后服务', '很差', '上当']"
7921,"['热水器', '一下子', '三台', '好用', '七台']"
3718,"['热水器', '水量', '很大', '安装', '费用', '高', '随便', '几根', '管子', '收取', '三百多元', '郁闷']"
6364,"['电热水器', '史密斯', '谱']"
8454,"['妈妈', '超级', '喜欢', '安装费', '花', '800抢钱', '投诉', '没用']"
7360,"['行', '三人', '冬天', '差点']"
261 ,"['史密斯', '服务', '很差', '态度', '很差', '家里', '本来', '不漏水', '搞', '漏水', '责任', '看清楚', '嘴脸']"
7391,"['帮人', '体验']"
5281,"['星期', '感觉', '暂时', '发现']"
7406,"['实体店', '便宜', '没用', '史密斯']"
8319,"['未', '安装', '包装', '图']"
7889,['好值']
6589,"['安装', '快递', '力']"
6595,"['信任', '牌子']"
6592,
6575,"['几天', '感觉', '第一次', '热水器', '原因', '心中', '想得', '好像', '耗电', '电热水器', '水压', '自来水', '水压']"
9166,"['安装', '希望']"
6564,"['家里', '热水器', '新买', '装', '两天', '装', '送货', '态度', '实在', '太', '恶劣', '送来', '赠品', '包装', '坏', '问', '坏', '拉走', 'MD', '态度']"
9164,"['安装工', '垃圾', '打电话', '第一句', '话', '材料', '收费', '电线', '买好', '一百个', '我家', '一看', '找', '理由', '装', '水电', '接到', '热水器', '旁边', '安装', '转身', '走', '爸', '两个', '装', '垃圾', '安装工', '赚', '不到', '外快', '不装']"
3777,"['发现', '安装费', '实在', '太贵', '800多块', '超乎', '想象', '评论', '中', '24小时', '热水', '基础', '加装', '安装费', '离谱', '不买']"
6576,"['包装带', '弄坏', '退']"
8462,"['史密斯', '热水器', '50升', '换', '80升', '个头', '不小', '收', '200支架', '钱']"
3771,"['ao', '热水器', '送', '浴巾', '质量', '一般般']"
3786,"['昨天', '刚装', '第一次', '打电话', '明天', '来装', '没人来', '装', '第三天', '打电话', '任务分配', '错', '昨天', '装好', '免费', '材料费', '太贵']"
8461,"['送货', '很快', '安装', '便宜']"
8449,"['优点', '加热', '速度', '很快', '功能', '定时', '功能', '摸索', '缺点', '太', '耗电', '口之家', '关', '机器', '显示', '电量', '平均', '度', '天', '没人', '干脆', '关掉']"
9218,"['品牌', '广告', '吹得', '机器', '当天', '售后服务', '人员', '现场', '态度', '恶劣', '投诉', '电话', '负责', '投诉', '接待', '人员', '态度', '嚣张']"
7880,"['热水器', '烧', '开水', '喝']"
7398,"['牌子', '热水器', '用得久']"
3764,"['先不说', '热水器', '服务态度', '太好了', '冷天', '门口', '半小时', '见到', '我后', '半点', '怨言', '依旧', '真心', '出谋划策', '下次', '还选']"
7395,"['新房', '未', '装修', '网上', '评价', '不错', '未装', '不好', '妄加评论', '再评', '想', '贵重物品', '买来', '发票', '选', '发票', '发票', '只能', '电子', '票', '不合理', '网上', '书', '本书', '开发票', '购物', '不太', '满意', '下次', '看清', '有无', '发票', '订货']"
280 ,"['好用', '问', '全胆', '半胆', '用电']"
298 ,"['信息', '泄漏', '史密斯', '安装', '京东', '调查', '礼拜', '赔付', '20有没有', '搞错', '信息', '泄露']"
8446,"['没用', '阿好']"
3487,"['烧', '时间', '有点', '长', '后悔', '买电']"
724 ,"['老牌子', '没得说']"
8217,"['送货', '快', '安装', '装', '淋浴', '中']"
6189,"['送货', '晚', '天才']"
3924,"['真的', '烧水', '慢', '安装', '师傅', '态度', '差', '保温', '效果', '不好']"
727 ,"['本来', '卫生间', '安装', '想', '退货', '卫生间', '80升用', '12年', '想', '想', '正好', '新', '换', '换', '舒服', '电脑', '显示', '温度', '不错']"
6182,"['买来', '没折开', '十几天', '按上']"
2996,"['安装', '看着', '不错', '收费', '贵', '海尔', '贵', '好多']"
3692,"['东西', '安装', '看着', '行', '物流', '准时']"
532 ,"['品牌', '信得过', '市区', '要加', '延长', '费', '有点', '莫名其妙']"
3317,"['送货', '快', '质量', '行', '送', '浴巾']"
2839,"['线', '不通', '师傅', '安装', '淋浴', '喷头']"
3667,"['给力', '热水', '洗', '舒服', '加热', '快']"
8556,"['热水器', '断电', '记忆', '功能', '断电', '时间', '恢复', '12点', '时间', '设置', '没用', '设定', '晚上', '点到', '11点烧', '热水', '小心', '断电', '人为', '关闭', '电', '自动', '定时', '恒温', '功能', '只能', '热水器', '当成', '热水器', '花大', '价钱', '地摊货']"
533 ,"['安装', '收费', '太高', '500块']"
5121,"['收费', '不见得', '便宜', '安装', '员', '采购', '保修']"
5244,"['安装', '材料费', '太高']"
4977,"['买回来', '安装', '忙']"
5245,"['安装费', '370块', '大洋']"
5234,['ko']
5246,"['安装', '人员', '实在', '太', '恐怖', '收费', '讨价', '换件', '京东', '家电', '头', '遇见', '恶心', '安装', '人员', '京东', '里']"
3931,"['周六', '送货', '安装', '安装', '过后', '机器', '启动', '情况']"
783 ,"['很大', '热水器', '洗澡', '够']"
3531,"['冲着', '牌子', '家里', '这款']"
4961,"['安装', '追加', '评价']"
5069,"['房子', '装修', '未', '只能', '售后服务', '不错']"
834 ,['感觉']
9131,"['装修', '囤货', '中', '安装', '半夜', '抢购', '没货', '想要', '微波炉', '电饭煲']"
9130,"['东西', '没用', '支架', '遥控器', '连线', '显示屏']"
276 ,"['没用', '安装', '只用', '两百多']"
8386,"['装修', '安装', '不错']"
9112,"['315搞', '活动', '实体店', '便宜', '东西']"
3561,"['安装', '家里', '牌子']"
8557,"['漏电', '几次', '修', '不好', '查不出']"
5998,['没用']
8420,['顶赞']
9126,"['送过来', '师傅', '弄', '辛苦', '辛苦', '期待', '送', '用后', '追评']"
9017,"['东西', '没安', '返', '400京券']"
606 ,"['贵', '电热水器', '厂家', '所配', '高级', '花洒', '混', '水阀', '真是太', '差', '混', '水阀', '全是', '塑料', '做', '质量', '太', '差', '人予', '牢固', '稍', '点', '烂', '感觉', '通用', '不美观', '讲', '厂家', '消费者', '利益', '角度', '安装', '人员', '服务态度', '耐心', '不错']"
7746,"['第一次', '送货', '安装', '坏', '申请', '换', '好久', '换', '打电话', '催过', '几次', '换', '安装费', '花', '800想', '购买', '客户', '北京', '客户']"
8403,"['牌子', '摆在', '肯定', '差', '安装', '追加', '评价']"
8348,"['好像', '生手', '装', '两个', '腿', '长', '难看', '郁闷死']"
8388,"['帮', '同事']"
7297,"['装好', '人装', '保修', '希望', '有要']"
9443,"['一段时间', '很棒', '半桶', '速热', '不到', '分钟', '一家', '四口', '够用']"
6582,"['怎么回事', '开', '热水器', '烧焦', '味道', '水', '感觉']"
3434,"['交了', '400材料费', '没用', '不错']"
3394,"['热水器', '安装', '效果图']"
9621,"['快递', '力', '热水器']"
9624,"['安装', '忘记', '索要', '纸质', '发票']"
3075,"['送货', '太', '麻烦', '地方', '找', '不到', '车子', '停', '远', '接']"
3431,"['没用', '装上']"
3928,"['不到', '半年', '报废', '拖', '把头', '底盘', '内部', '破裂']"
6296,"['热水器', '忘', '照相', '接', '上线', '试', '厕所', '体积', '点']"
3471,['顶']
3417,"['赶上', '活动']"
832 ,"['用过', '牌子', '热水器', '感觉', '不错']"
7821,"['热水器', '不错', '安装费', '百多', '换', '热水器', '管子', '三角', '阀', '史密斯', '要用', 'PVC', '装', '100']"
4709,"['安装', '师傅', '差劲']"
9608,['好用']
7791,"['热水器', '送货', '挺快', '第二天', '安装', '挺快', '房子', '装修', '试试']"
410 ,"['感觉', '水温', '恒定', '不冷', '一会', '冷']"
2859,"['物流', '快', '晚上', '下单', '第二天', '中午', '物流', '哥哥', '给力']"
3760,"['刚买', '降价', '300真吭']"
6436,"['还好', '刚买', '送券']"
5040,"['非', '自用', '不错']"
5208,"['外地', '安装', '太', '差', '史密斯', '投诉', '瞎', '要价', '米管', '没什么', '弯头', '总算', '490太坑', '全国', '联保', '全国', '安装']"
6583,"['我见', '牛', '逼', '公司', '约', '两天', '装', '两个', '下午', '不来', '装', '退货', '不行', '真实', '后悔', '第一次', '耍']"
3729,"['行', '开', '专用发票', '麻烦']"
8286,"['史密斯', '热水器', '贵', '点']"
9063,"['功率', '全开', '30W', '幸亏', '厕所', '平方', '线']"
716 ,"['商品质量', '不错', '京东', '送货', '速度', '很快', '厂家', '时', '安装', '师傅', '服务态度', '太', '差', '很装', '13我家', '电源', '电源线', '拉好', '接', '电源', '接', '花', '几分钟', '安装', '师傅', '耽误', '时间', '墙上', '打孔', '打透', '安装', '师傅', '没带', '长', '钻头', '难为', '父母', '加', '80块钱', '弄', '父母', '50行不行', '安装', '师傅', '走', '父母', '无奈', '80块钱', '欺负', '老人', '算', '本事', '厂家', '打电话', '投诉', '凭良心说', '热水器', '安装', '师傅', '服务态度', '接受', '花钱', '请人', '安装', '请', '大爷', '客气', '当回事', '投诉', '安装', '全', '一共', '花', '770算上', '单独', '80说实话', '贵', '艾欧', '史密斯', '热水器', '公司']"
9584,"['热水器', '基本功', '浴巾', '像是', '以个', '大黑', '手印', '很脏']"
5115,"['电热水器', '选择']"
5225,"['返', '电子', '卷']"
7713,"['安装', '材料费', '加', '有点', '贵']"
3444,"['早就', '留意', '品牌', '不错']"
721 ,"['没用', '史密斯', '品牌', '京东', '实体', '没货', '京东', '保修', '麻烦']"
9424,"['没用', '牌子']"
3112,"['过段时间', '评论']"
6371,"['送货', '赶上', '雨天', '外包装', '淋湿', '机器', '安装', '没什么', '安装', '免费', '管件', '要钱', '装修', '要钱', '太', '黑', '变相', '收钱']"
6381,"['送货', '快', '很大', '箱子', '很沉', '搬', '费劲', '还好', '京东', '送货上门', '我家', '七楼', '辛苦', '师傅', '花洒', '没到', '暂时', '安装', '不错']"
714 ,"['担心', '事', '解决']"
7257,"['装修', '囤货', '未', '安装']"
7262,"['送货', '人员', '态度', '感觉', '小时', '小时', '不来', '送', '货', '本来', '心情', '搅和', '憋', '一肚子火', '京东', '算是', '公司', '服务', '公司']"
599 ,"['史密斯', '服务态度', '网上', '活动', '价买', '挺贵']"
7728,"['冬天', '两个', '人洗', '绰绰有余', '温度', '显示', '有点', '摸不着头脑', '七十', '跳', '三四十', '度', '水', '冷', '冷']"
6285,"['真心', '不错', '安装', '收费', '贵']"
3157,"['打开', '安装']"
2882,"['史密斯', '热水器', '质量', '无可挑剔']"
3686,"['AO', '热水器', '质量', '没得说']"
3235,"['太棒了', '物超所值', '下次']"
3127,"['质量', '目前为止', '不错', '做工', '上门', '安装', '11点', '下午', '点', '时间', '安装']"
2021,['只能']
9024,"['物流', '不给力', '态度', '不好']"
9065,"['没用', '不错']"
4515,"['热水器', '上门', '安装', '给力']"
5117,"['师傅', '上门', '收费', '死活', '不肯', '提前', '钱', '总说', '家']"
9062,"['坑', '东西', '降价', '太快', '便宜', '400亏死']"
8434,"['新房子', '装修', '看有', '做', '活动', '囤货', '中', '80升', '两千', '八百多']"
7680,"['品牌', '没用']"
7087,"['晚', '下手', '小时', '涨', '300']"
647 ,"['出水', '真的', '很快', '夏天', '开速', '热', '半桶', '三分钟', '洗', '洗', '压力']"
237 ,
3315,"['换', '名字', 'ET300J', '60明明', '各大', '电器', '城里', '卖', '60P6', '价格', '电器城', '足足', '低', '多元', '赞字']"
2802,"['装上', '没用']"
4631,"['不错', '挺好用']"
1662,"['电热水器', '买好', '依然', '选择', '没错']"
8979,"['货已', '收到', '安装']"
3284,"['装修', '前', '装修', '公司', '业主', '施工现场', '史密斯', '包装箱', '史密斯', '业主', '选择']"
2972,"['师傅', '上门', '安装', '收费', '叔叔', '装好']"
9485,['使用方便']
9489,"['安装', '真', '费劲', '买件', '来回', '折腾', '好几遍']"
4918,['送人用']
4921,"['装修', '囤货', '中', '安装', '第二台', '牌子', '给力']"
710 ,"['价格便宜', '量', '足', '史密斯', '安装', '材料费', '太贵', '两百多', '块', '好像', '卖', '热水器', '赚钱', '就行了', '安装', '赚', '一部分']"
4932,"['收费', '规范', '上门服务', '态度', '超好', '史密斯']"
402 ,"['装修', '吨', '货']"
4922,"['史密斯', '热水器', '装修', '囤货', '中', '安装', '第二台']"
7710,"['安装', '装后', '追加']"
9213,"['不好', '费电']"
8807,['好用']
2851,"['送货', '没得说', '质量', '一有', '换货', '慢', '牛', '好歹', '上市公司', '售后', '搞']"
2937,"['不错', '机械', '大部分', '情况', '不用', '调节', '无聊', '功能', '没用', '价格便宜']"
7156,"['下单', '15天才', '到货', '催', '次', '情况', '收到', '发票', '可笑', '客服', '问', '发票', '抬头', '名字', '安装', '免费', '材料费', '300品牌']"
3149,"['安装费', '太贵']"
2845,['给力']
6174,"['有待', '考验']"
9700,"['热水器', '好用', '冲着', '牌子', '安装', '买好', '花洒', '完后', '想', '找', '安', '一大堆', '理由', '安', '郁闷', '差评']"
8305,"['安装', '发现', '出水', '进水口', '生锈', '京东', '想', '干嘛', '用过', '外卖']"
235 ,"['安装', '货', '很快']"
522 ,"['送货', '速度', '没用', '质量']"
8680,"['冬天', '冷水', '太冷', '烧到', '75度', '只能', '洗', '半个', '小时', '80L', '冬天', '老人', '洗澡', '压力']"
394 ,"['安装费', '太贵', '加', '100块', '远程', '费', '真', '明白', '公司', '消费者', '掏钱', '失望']"
3115,"['不好', '牌子', '不用']"
9415,"['店里', '款']"
3104,"['送货', '快', '第二天', '预约', '安装', '看着', '不错', '粗壮']"
216 ,"['安装', '款', '机械式', '坏', '功能', '家用', '足够']"
4893,"['帮', '订']"
2244,
7091,"['还好', '体积', '较大', '感觉']"
3915,"['行', '热', '水', '洗', '就行了']"
209 ,"['东西', '用料', '实在', '发现', '客户端', '便宜', '110块', '亏']"
2963,"['安装', '师傅', '收费', '过高', '热水器', '2300安装费', '500太坑']"
4390,"['家里', '认准', '牌子']"
4536,"['做工', '细节', '国产品牌', '一分钱', '一分货', '钱', '省', '国产品牌', '热水', '坏', '怒']"
2936,"['热水器', '安装费', '太贵', '比装', '空调', '贵', '装', '空调', '生命危险', '一身', '汗', '一百多', '热水器', '贵', '特意', '个角阀', '200块钱']"
2906,"['物流', '准时', '到货', '未', '安装']"
2941,"['装', '未', '开', '挺不错', '材料费', '贵']"
2905,"['热水器', '热水', '热', '很快', '全家', '三人', '洗完', '水温', '60度', '安装', '材料费', '400贵']"
2965,['没用']
712 ,"['没用', '先给', '好评', '没用', '先给', '好评']"
6101,"['分', '分', '差评', '担心', '没想到', '烟台', '售后', '给力', '售后', '穿', '统一', '服装', '进门', '穿鞋', '套', '安装', '先给', '做', '预算', '每一项', '耐心', '解答', '天气', '热', '小伙子', '倒水', '喝', '安装', '速度', '很快', '还给', '打扫卫生', '服务', '想', '分', '难', '热水器', '追评']"
520 ,"['评价', '错', '评价', '电热水器', '评价', '写', '进', '赠品', '眼神']"
6278,"['备货', '中']"
6362,"['货品', '真心', '赞', '平时', '不用', '插', '电费', '电']"
2834,"['浴巾', '没送']"
6565,"['降价', '心痛', '价补']"
3925,"['不好', '不好']"
175 ,"['安装', '贵', '三角', '阀麦', '50你家', '黄金', '八辈', '祖宗', '土匪', '抢劫', '出身', '乱七八糟', '300块', '电话', '回访', '屮']"
8853,"['好像', '不像', '80升能', '三个', '冲凉', '用水', '费']"
7150,"['收到', '没用', '新房', '装修', '装修', '完再', '安装', '拆开', '外观', '发现']"
7265,
2753,"['外表', '看着', '行', '安装']"
7734,"['赠品', '浴巾', '京东', '疏忽', '平衡', '说好']"
4124,"['品牌', '质量', '售后', '安装', '实在', '太', '差', '态度', '差', '大爷', '投诉', '差评']"
6651,"['安上', '没用']"
7134,"['装', '没用', '过后', '评价']"
7080,"['未用', '过后', '评价']"
9438,['评价']
4864,"['冲着', '牌子', '帮', '朋友', '带买', '遗憾', '没花', '洒', '情况']"
6208,"['热水器', '不错', '只不过', '安装费', '太贵', '热水器', '贰仟', '六百多', '安装费', '八百多', '实在', '贵']"
8473,['sdwwdwdsd']
8256,['先平']
4577,"['代', '不好', '评论']"
1384,"['公司', '宿舍', '里', '还行']"
7820,"['免费', '安装', '转', '转', '走', '安装']"
9573,"['郁闷', '下单', '搞', '活动']"
361 ,"['安装', '管件', '花', '300够', '贵', '热水器', '钱', '售后', '黑']"
8903,"['申请', '价格', '保护']"
4043,
6560,"['月', '降', '送', '礼品', '问', '却说', '送']"
5200,"['史密斯', '店大欺客', '安装', '师傅', '约', '下午', '三点', '点到', '点', '点到', '点', '点到', '电话', '问', '点', '别来', '电话', '问', '非承重墙', '要收', '500块钱', '安装费', '玩意', '气死我了']"
9212,"['起用', '用后', '老款']"
7964,"['很多年', '牌子', '热水器', '新家']"
2827,['不错']
8824,"['安装费', '感觉', '有点', '高']"
6098,"['囤货', '安装', '希望', '失望']"
8883,"['拆封', '安装', '售后', '安装', '问', '后续', '补充']"
6235,"['品牌', '哪好', '没用', '管子', '难看', '有点像', '垃圾']"
7795,"['安装', '刚买', '送', '毛巾']"
8882,"['安装', '确实', '很大', '送货', '师傅', '家里', '5060够']"
9699,"['垃圾', '服务', '超级', '到位', '第三方', '货', '送到', '表面', '大坑', '送货', '师傅', '申请', '换', '厂家', '证明', '换', '真的', '气死', '再也', '不选', '家']"
2852,"['房子', '装修', '中', '外形', '有点', '不太', '满意', '短粗', '建议', '买长', '一点', '好些']"
192 ,"['热水器', '送来', '有个', '坑', '换', '新']"
2785,"['送货', '不准', '时', '安装', '不准', '时', '服务', '太度', '超级', '差']"
5204,"['京东', '太坑', '小心', '买错', '型号', '更换', '做生意', '再也不会', '京东', '购买', '东西', '越来越', '差', '客服', '服务态度', '差', '不行', '不行', '不行', '做', '电商', '垃圾', '一千多块', '钱', '东西', '浪费', '有没有', '顾客', '着想', '扣点', '钱', '帮', '换个', '合适', '型号', '不行', '东西', '更换', '售后', '企业', '做', '投诉']"
4879,"['热水器', '实体店', '便宜', '安装费', '有点', '贵', '建议', '配角', '阀', '省', '钱']"
9560,"['送', '质量', '换', '京东', '退换货', '麻烦']"
2874,"['爸妈', '卫生间', '装修', '用后', '追加']"
4793,"['刚买', '三天', '降', '一百', '6.18', '活动', '最低价', '没到', '6.18', '降', '一百']"
4778,"['1858没用', '家里', '老式', '不错']"
214 ,"['热水器', '不错', '安装费', '贵', '点']"
596 ,"['先装', '效果']"
1597,"['热水器', '史密斯']"
3869,"['热水器', '超棒', '安装', '省', '安装费']"
8471,"['没用', '感觉', '不错']"
8834,['方便快捷']
4917,"['安装', '麻烦', '地漏', '安', '想', '办法', '解决']"
8537,"['服务', '极差', '热水器', '安装', '掉', '坏掉', '京东', '客服', '问有', '办法', '维修', '客服', '回答', '负责', '无语', '东西']"
2472,"['送来', '正用', '感觉', '不错']"
3082,"['只能', '给力', '商品']"
7586,['没用']
2831,
204 ,"['还好', '没装']"
3049,"['只得', '热水器']"
6165,['不错']
2750,"['架子', '200安装费', '贵', '便宜']"
3010,"['收货', '送货', '人员', '开箱', '检查', '到时候', '安装', '人员', '上门', '安装', '开封', '听说', '安装', '原则上', '免费', '找', '理由', '客户', '买单', '尚未', '安装', '货已', '收到', '情况', '追加']"
7647,"['没用', '安装', '有点', '坑', '我家', '盘龙城', '客服', '我家', '武汉市', '加收', '30块钱', '真不知道']"
2671,"['加热', '很快', '再也', '太久']"
3074,"['追加', '擦']"
5211,"['公司', '安装']"
389 ,"['热水器', '性价比']"
4751,"['安装', '态度', '行', '细节', '装', '有点', '低', '热水器', '行']"
2768,"['安装', '退货', 'AO', '史密斯', '师傅', '真不错', '半天', '主意', '还试', '半天', '不像', '海尔', '安装', '师傅', '箱子', '拆', '办法', '不想', '太', '勉强', '估计', '安不上', '拉走']"
4895,"['声明', '热水器', '不错', '京东', '垃圾', '无耻', '京东', '无耻', '客服', '一家', '店子', '客户', '收到', '货', '情况', '自动', '客户', '确认', '收货', '超期', '情况', '客户', '自动', '确认', '收货', '天', '自动', '确认', '买个', '电视', '没收', '到货', '不到', '天', '自动', '确认', '客服', '情况', '投诉', '星期', '解释', '确认', '收货', '解释', '货去', '电视', '不见', '不要脸', '天天', '24小时', '回电', '忽悠', '破', '店子', '拖', '解决', '屏蔽', '天', 'CAT', '差', '十万八千里', '至少', '负责', '至少', '超期', '情况', '下替', '客户', '确认', '收货', '天', 'CAT', '鸟店', '子', '无耻', '购买', '东西', '确认', '天', '自动', '确认', '收货', '无耻', '至极']"
9572,"['性价比', '高', '一款', '热水器']"
6578,"['实在', '失败', '购物', '第一次', '网上', '购', '大件', '月', '18日', '购得', '下单', '减', '300只减', '200减', '200来得', '实在', '安装', '完后', '师傅', '试', '发现', '显示', '面板', '一共', '几个', '键', '坏', '真不知道', '次品', '样品', '活动', '价买', '机器', '次品', '厂家', '太', '负责', '样品', '经销商', '太', '缺德', '当初', '选择', '史密斯', '认准', '品牌', '保障', '放心', '国内', '海尔', '美的', '不错', '价格', '便宜', '愿花', '几千块', '钱', '东西', '回来', '添堵', '型号', '机器', '年', '生产', '2013年', '12月', '上架', '售后', '型号', '配件', '划拉', '配件', '舒服', '新', '机器', '坏', '保修期', '估计', '报废', '配件', '找', '不到', '修', '省', '二三百', '风险']"
4894,['装']
2894,"['热水', '气是', '短粗', '款', '不错']"
4852,"['听说', '安装', '便宜', '管子', '装', '装', '便宜']"
6162,"['暂时', '发现', '神', '缺点', '用后']"
5618,['挺好用']
7090,"['原本', '想安', '燃气', '热水器', '条件', '具备', '该装', '电热水器', '打算', '放在', '阳台', '安装', '师傅', '只能', '安在', '浴室', '提个醒']"
4851,"['箱子', '坏', '箱底', '泡沫板', '烂', '热水器', '进水口', '水锈', '水在', '这是', '回事儿']"
6566,"['对得起', '价钱']"
6155,"['安装费', '太贵', '四百多']"
6797,"['电热水器', '史密斯']"
4815,"['安装', '麻烦', '师傅', '换个', '插座', '动手']"
3921,"['安装', '师傅', '太特', '差劲', '两台', '第一次', '安不买', '喷头', '装', '不好', '第二次', '每台', '安装', '零件', '320喷头', '地区', '零件', '第二家', '卖', '打电话', '投诉', '安装', '师傅', '开', '零件', '清单', '实体店', '找人', '用不上', '刚刚', '安装', '零件', '不到', '100块钱']"
383 ,"['安装费', '太贵']"
7626,"['东西', '不错', '安装费', '有点', '贵', '不算', '角阀', '350倒', '正规', '行业', '安装费', '赚钱', '鄙视', '情况', '开', '孔', '不用', '开', '开', '职业', '水平', '鄙视']"
4789,"['安装', '先给', '好评']"
9319,"['安上', '没用', '貌似', '不错']"
427 ,"['坏', '太快', '维修', '太慢', '今天下午', '修好', '垃圾']"
8761,"['牌子', '家里', '牌子']"
8821,"['装修', '安装', '备货', '中']"
2740,"['补充', '评价']"
9589,"['角阀', '材料', '一分钱', '没收', '看着', '不错', '没用']"
8550,"['安装', '材料费', '太贵']"
6161,"['东西', '不错', '一件', '圆通', '快递', '恶心', '发货', '东西', '不买']"
8324,"['新房', '装上']"
707 ,"['安装', '没用', '发表']"
7098,"['售后', '安装']"
2549,['挺好用']
7092,"['安装费', '贵', '350安装', '单子', '写', '有用', '单子', '写', '天书', '质量', '安装', '真心', '坑']"
7094,"['安装费', '415太黑', '太', '夸张']"
4785,['开发']
2878,"['新买', '没用', '外包装', '不错']"
2787,"['热水器', '不错', '安装', '人员', '专业', '负责', '物流', '搞', '郁闷']"
4856,"['设置', '温度', '不用', '打开', '自动', '加热']"
2632,"['不错', '卫生间', '热水器', '够用', '有点', '小贵']"
2717,"['提了', '沉', '明天', '装好', '试试']"
7651,['GOD']
7026,"['老式', '公房', '装', '干嘛', '出厂']"
2752,"['送货', '师傅', '长得', '很帅', '热水器', '没用', '有待', '考量']"
2739,"['老款', '机械', '版', '行']"
1874,['安装']
706 ,"['热水器', 'AO', '史密斯', '安装', '收费', '费用', '吐槽', '快递', '员', '送货员', '打电话', '40分钟', '外边', '办事', '回到', '新装修', '房子', '里', '迟到', '20分钟', '打电话', '小区', '客户', '接受', '体谅', '嘱咐', '吃', '中午饭', '小区', '先送', '我家', '我家', '楼', '小区', '入口处', '迟到', '半小时', '打电话', '先送', '小区', '楼', '客户', '讲信用', '守时', '体谅', '快递', '人员', '不让', '错', '活该', '小时', '我家', '人到', '送', '货车', '停', '楼门口', '连人', '带车', '拽', '空房子', '里', '干', '饿', '小时', '投诉', '好几遍', '强词夺理', '错', '送货', '麻烦', '规划', '时间', '行不行']"
4834,"['价额', '实惠', '安装', '时', '预约', '师傅', '本来', '软管', '师傅', '说会', '漏电']"
9214,"['开箱', '检查', '台', '未', '开箱', '回去', '开箱', '发现', '热水器', '说明书', '一共', '少', '四样', '东西', '售后', '已好', '几天', '无人', '问事']"
2749,"['东西', '不错', '价格', '快递', '小哥', '送货', '告诉', '送', '浴巾', '弄', '丢', '郁闷', '着急', '退货', '希望', '解决', '纠缠', '毛巾', '说好', '算', '话']"
459 ,"['送货', '态度', '不好']"
2718,"['早点', '下手', '便宜', '一百']"
2772,['试试看']
6123,"['送货到', '家', '来得', '急', '安装']"
57  ,['半个世纪']
5999,"['第三台', '好好']"
4835,"['晒图', '真心', '好用']"
196 ,"['80升', '没货', '吊顶', '实在', '不到', '只好', '买个', '60拆包', '验货', '冰箱', '电视', '空调', '开箱', '验', '不准', '赶上', '电网', '升级', '家里', '电', '只好', '师傅', '走', '楼梯', '80搬运费', '师傅', '累', '100评价', '安装', '追加', '评论']"
2800,"['没用', '不错']"
2748,"['装好', '暂时']"
7065,"['史密斯', '热水器', '好用']"
7695,"['80升', '热水器', '好用']"
2658,"['省', '电', '实用性', '号', '有点', '贵']"
2540,"['家里', '装修', '刚装', '没用']"
2167,"['家里', '父母', '家装', '退']"
301 ,"['确实', '省', '电', '牌子', '热水器']"
382 ,['嗷嗷']
2403,"['安装费', '太贵', '300']"
8811,"['史密斯', '热水器', '小时候', '接触', '牌子', '热水器', '根深蒂固', '热水器', '只认', '史密斯', '选择', '第二家']"
2794,"['未', '安装', '安装', '再评']"
4812,['刚装']
7184,"['烧水', '速度', '算', '一点', '理解', '安装费', '东西', '出具', '报价单', '市场', '估计', '100块钱', '安装', '师傅', '收', '600块钱']"
4801,"['第二次', '热水器']"
7685,"['热水器', '只认', '史密斯', '第四', '台']"
4703,"['史密斯', '海尔', '方太', '老板', '好太多', '这辈子', '买方', '太和', '老板', '服务', '太', '差']"
2582,"['插座', '看不出']"
6314,"['新房子', '装修', '拆箱', '师傅', '上门', '安装', '请教', '老手']"
4768,"['好用', '热水', '快']"
611 ,"['果断', '差评', '电热水器', '安装费', '四百五十', '块', '角阀', '水管', '逼', '客户', '安装工人', '材料', '建议', '购买', '品牌']"
4757,"['安装费', '贵', '支架', '加', '减压阀', '600师傅', '服务态度', '真的']"
7027,"['史密斯', '电热水器', '肯定']"
8332,"['装修', '中', '刚刚', '安好', '没用']"
6157,"['单位', '送货', '很快', '没用', '配件', '喷头', '不知', '实体店']"
4578,"['大牌', '安装', '费用', '太']"
7186,"['只能', '凑合', '无语']"
7189,"['库里', '放', '太久', '库里', '发过', '水', '外包装', '湿透', '弄', '说明书', '水里', '泡', '潮湿', '环境', '中', '机子', '有没有', '影响', '失败', '购物', '经历', '库存', '很久', '货物']"
5184,"['安装', '售后', '京东', '来回', '踢皮球', '京东', '客服', '情况', '天', '消息', '不了了之', '服务', '作死', '节奏']"
4729,"['安装', '帮盆友', '追加']"
6178,"['想', '请问', '安装', '安装', '人员', '电话', '物流', '力', '暂时', '不好', '评价']"
9023,"['送货', '快', '安装', '业', '快', '没用', '到市', '准假']"
3920,
4705,['haoahohao']
4580,"['东西', '价格', '安装', '师傅', '负责', '家里', '电路', '不行', '换', '电路', '只能', '退货', '老房子', '水管', '电路', '额外', '找', '电工', '管工', '弄', '环境', '检查', '合格', '安装', '满意']"
9367,"['刚装', '没用', '没象', '配件', '高', '离谱']"
2489,"['货', '没收', '评论', '100元京券', '送', '先', '评论']"
7187,"['两千', '安装', '真', 'cd', '约', '不来', '一会', '半小时', '一会', '小时', '没来', '晚上', '点', '40点半', '安装', 'c', '安装', '点', '40玩意']"
8313,"['太大', '太', '占', '空间']"
176 ,"['热水器', '热得', '很快', '第二天', '装上', '收费', '230']"
5473,"['半年', '装上', '史密斯', '售后', '一流', '本来', '装不上', '师傅', '费', '半天', '搞定']"
2149,"['服务', '行', '十来天', '漏水', '派']"
2402,"['史密斯', '10年', '坏', '破纪录']"
4707,
6247,"['售后', '忒', '差', '天', '安装', '材料', '不全', '两天', '安装', '退货']"
2431,
2653,"['未', '追评']"
5713,"['真好', '不买']"
4779,"['好用', '热水器', '认准', '牌子']"
2384,"['装修', '中', '写']"
2349,"['恒温', '真的', '不错', '五天', '回来', '三十多', '度']"
5958,"['好用', '耗电', '厉害']"
7590,['asgfsdfhadrhwhswerh']
4661,"['未', '安装', '找', '安装']"
6138,"['房子', '装修']"
3919,"['订单', '时要', '开发票', '为啥']"
4279,"['换掉', '热水器', '新买', '史密斯', '热水器', '热水器', '热水', '时间', '快', '关键', '烧半筒', '洗脸', '小孩', '洗澡', '就够', '节能', '送货', '包装', '损坏', '安装', '师傅', '带鞋', '套', '影响', '最深', '电锤', '时', '下方', '贴', '一小', '塑料袋', '扬尘', '保持清洁', '师傅', '帮', '拆除', '热水器', '收', '一分钱', '\u3000', '\u3000', '提个', '小小', '建议', '热水器', '挂钩', '品质', '完美']"
2462,"['买来', '坏', '售后', '安装', '发现', '坏', '换货', '安装费', '安装费', '这回', '下次', '安装费']"
2481,"['牌子', '贵', '一倍', '不太值']"
2456,"['送货', '快', '要赞', '售后', '第二天', '装', '收费']"
6093,"['温度', '掉', '有点', '快', '勉强', '洗', '两个']"
8546,"['ㄧ', '月', '感觉', '很棒', '当初', '安装', '材料费', '有点', 'F']"
3918,"['热水器', '老牌子', '行']"
5170,"['昨天', '送货', '安装', '比较顺利', '热水器', '没用', '不错', '家里', '史密斯', '果断', '选', '牌子', '安装', '材料费', '贵', '弯头', '十几', '二十', '公分', '管子', '300有点', '坑人']"
4534,
2442,"['品牌', '热水', '真', '快', '半箱', '速热', '不用', '一分钟', '热水', '再也', '不用', '洗澡', '热水']"
3895,"['这是', '不太', '愉快', '购物', '热水器', '刚装', '减压阀', '流水', '滴水', '水压', '水压', '水', '管接头', '渗水', '装', '两天', '搞好', '是因为', '水压', '罐子', '渗', '管子', '不渗', '金属管', '渗', '渗水', '塑料管', '换成', '金属管', '换成', '左邻右舍', '电热水器', '我家', '水压']"
161 ,"['热水器', '牌子', '省心']"
5172,"['热水器', '不错', '安装', '师傅', '还行', '京东', '服务', '不行', '本来', '说好', '星期天', '早上', '到货', '拖', '晚上', '点才', '送来', '快递', '电话', '不通', '转接', '只能', '星期一', '请假', '师傅', '来装']"
151 ,"['不错', '懂']"
2476,"['奇怪', '热水', '输出', '率', '阿里斯顿', '海尔', '低']"
9209,"['安上', '没用', '不错']"
6039,"['热水器', '不错', '功能强大', '安装', '速度', '快', '服务态度']"
2397,"['刚装', '没用']"
4674,"['安装', '没用']"
2498,"['送货', '快', '安装', '装好', '晒', '照片']"
4741,"['安装', '不错']"
617 ,"['好不好', '安装', '恨史', '蜜斯', '专家', '公司', '安装', '讲', '安装', '来电', '讲', '线', '地线', '来电', '讲', '找个', '电工', '师傅', '不来', '讲', '30钱', '史蜜斯', '安装', '服务', '五星', '京东', '商城', '销售', '服务', '售后服务', '特别', '差', '摆设']"
5154,"['外国', '企业', '死心眼', '我家', '地漏', '安', '签字', '自负', '责任', '不行', '想', '省点', '安装费']"
9210,"['热水器', '没收', '给我发', '短信', '商品', '签收', '收', '无语', '中']"
2458,"['安装', '心想', '第一次', '下单']"
3879,"['送货', '快', '运送', '过程', '失误', '水箱', '一侧', '瘪', '一块', '影响', '换', '东西', '还行']"
4710,"['收到', '安装']"
4552,"['亲戚', '装修', '牌子', '家']"
2451,"['J8', '玩意儿', '到货', '降', '100块', '太', '垃圾', '价格', '忒', '不靠', '谱']"
2413,['安装']
6086,"['新房', '装修']"
4541,
2617,"['下单', '收获', '安装', '24小时', '师傅', '服务周到', '热水器']"
7594,"['没装', '等待', '延保出', '评']"
2327,"['没用', '活动', '先', '囤货', '回头', '追加']"
2555,"['款', '热水器', '装上去', '很大', '加热', '速度', '出水量', '很大', '安装', '材料费', '50远程', '费', '真的', '不好']"
7546,"['预约', '时间', '送货', '功能', '挺不错', '安装', '暂时', '写']"
3897,"['安装', '东西', '安装', '东西', '安装', '安装']"
9327,"['工人', '牌子', '肉痛']"
7181,"['差评', '京东', '明', '安装工', '发票', '安装', '纸质', '发票', '下载', '打印', '家里', '打印机', '跑出去', '找能', '打印', '地方', '增加', '麻烦']"
8725,"['不错', '史密斯', '一台']"
8190,"['东西', '还好', '几天', '发现']"
4224,"['活动', '送到', '郊区', '优惠', '只能', '送']"
5475,
7069,"['安装费', '太高']"
2577,"['送货', '快', '预约', '安装', '快', '热水器', '没用']"
4317,"['京东', '送货', '服务', '不错', '安装', '人员', '服务', '超级', '差', '妈', '售后', '嫌', '安装', '麻烦', '花洒', '水', '管接头', '卸', '安装', '忽悠', '安装', '家里', '请问', '这是', '东西', '安装', '家', '售后', '真让人', '语', '本来', '想', '投诉', '退货', '我妈', '算了', '安', '售后', '安装', '人员', '真', '恶心', '不想', '装', '不装', '装在', '家里', '安装', '问候', '全家']"
2359,"['东西', '行', '售后', '有点', '慢']"
2546,"['刚装', '师傅', '中奖', '电路板', '坏', '语', '说换', '等待', '中']"
6930,"['没用', '史密斯', '不错']"
2377,"['安装', '史密斯', '热水器', '信赖']"
2376,"['点', '热水器', '史密斯', '名牌']"
9693,"['没用过', '感觉', '行']"
2292,"['老牌子', '信', '单位', '没用']"
2381,"['没用', '评价']"
3900,"['头', '1968问', '等待', '客服', '回答', '回复', '涨价']"
2414,
2299,"['安装费', '太贵', '392两个', '支架', '180水管', '弯头', '阀门', '单价', '太贵']"
105 ,"['安装', '师傅', '认真负责', '价格', '透明', '加热', '速度', '很快', '保温', '确实', '差劲', '不到', '小时', '水温', '降', '一半', '真心', '感到', '失望']"
2235,['没用']
9695,"['热水器', '好用', '小区', '集中供热', '安装费', '小贵', '热水器', '水管', '直线', '1.5', '米', '距离', '阀门', '三通', '水管', '材料', '收', '500块', '发货', '安装', '碰到', '周折']"
2324,"['东西', '准时', '没装']"
2220,"['挺好用', '还会']"
6784,['Za']
1907,
9694,"['名节', '不保', '攻击', '攻击', '附加费', '公司', '公司', '发生', 'gg', '大锅饭']"
3881,"['美中不足', '起码', '网上', '材料费', '路费', '安装', '免费', '材料', '收费']"
4726,"['第二天', '送货', '预约', '第三天', '厂家', '过来人', '安装', '速度', '家里', '改', '电线', '水线', '安上']"
8837,"['好大', '显示屏', '漂亮', '夏天', '省电不省', '电', '反正', 'AES', '吹', '神乎其神', '待机', '保温', '效果', '一夜', '降', '两', '三度', '安装', '事情', '家里', '几天', '装潢', '水管', '工在', '安装', '人员', '一堆', '安装费', '水管', '工说', '东西', '不必要', '贵', '只收', '50块钱', '脸', '绿']"
4303,"['品牌', '房子', '装修', '没用', '先给', '五星']"
2206,"['厕所', '卫生间', '空间', '太小', '装不下', '史密斯']"
1559,"['第三天', '降价', '200一点', '提示', '好不好']"
9099,"['装装', '好用', '评价']"
4601,"['机', '不错', '安装', '材料', '太', '坑人', '贵到', '吓人', '报', '价格', '398混水', '专用', '五金店', '不合', '叼', '报百来', '块', '算', '太过分', '气不过', '帮', '机装', '墙头', '走', '配件', '全铜全', '不锈钢', '150搞掂', '超有', '成就感']"
4615,"['帮人', '暂时', '没什么']"
2228,"['妈', '电器', '想', '半个世纪']"
2283,"['收', '280安装', '材料费', '免费', '安装']"
5946,"['M意', '物', '送快', '安b', '傅', '嵝', '']"
5914,"['退', '太', '换', '秀气']"
5945,"['安装', '卫生间', '位置', '体积', '安装', '完后', '再来', '追', '评价']"
9546,"['安装', '前', '要收', '200块', '听', '火大', '投诉', '收', '钱', '还好', '安装', '顺利']"
72  ,"['安装', '过程', '中', '麻烦', '客服', '态度', '不好', '买回来', '一周', '装上']"
6966,"['长得', '别致', '功能', '有待', '考察']"
635 ,"['安装', '未', '希望', '好用']"
7508,"['行', '外省']"
762 ,"['打开', '屯货中']"
8814,"['好用', '棒棒', '嗒']"
7470,"['下单', '预约', '送货', '时间', '送货员', '送货', '准时', '细心']"
3877,"['收', '两个', '阀门', '钱', '早说', '市场']"
2111,['没用']
8165,"['新房', '装修', '安装']"
2225,"['希望', '能用', '住']"
839 ,"['热水器', '到手', '降价', '开心']"
2281,"['安装费', '太贵', '热水器']"
8648,"['热水', '很快', '舒服', '牌子']"
356 ,"['安装', '师傅', '特别', '负责人', '公司', '一再', '电话', '回访', '电话', '回访', '三次', '稍微', '有点烦', '师傅', '推销', '两件', '资费', '配件', '师傅', '一点', '安装', '打扫', '安装费', '总计', '四十二', '块', '忙活', '半天', '赚少']"
2211,"['看着', '几天', '发现', '洗澡', '温度', '下降', '挺快']"
2260,"['小区', '里', '不供', '热水', '各家', '只好', '热水器', '这款', '邻居', '推荐', '大小', '整好', '送货', '速度', '快']"
8122,"['没用', '装修', '追平']"
4311,"['装修', '没完', '热水器', '漂亮', '安装', '师傅', '认真负责']"
6904,"['送货', '准时', '服务态度', '谢谢', '师傅', '帮', '抗到', '楼', '辛苦']"
2168,"['服务', '安装', '回头', '搬家']"
7636,"['热水器', '看着', '不赖', '帮', '单位', '老板', '接地线', '师傅', '装好', '卸下来', '再三', '叮嘱', '负责']"
4497,"['送货', '速度', '快', '昨天上午', '下午', '今天上午', '装好']"
5872,"['未', '安装']"
4676,"['一波三折', '坏', '两次']"
2196,"['摇控', '多点', '钱要', '摇控', '后悔']"
805 ,"['看着', '行']"
7717,"['第一次', '差评', '早买', '几天', '热', '水壶', '送', '这是', '营销', '模式', '花', '钱', '东西', '相差', '时间', '长', '几天', '送']"
9676,"['不到', '售后', '安装', '配送', '人员', '态度恶劣', '大爷', '似得']"
357 ,"['安装', '房子', '装修', '追加']"
1103,"['加热', '很快', '冲凉', '不用', '太久']"
672 ,"['家里', '装修', '提前', '东西', '发过来', '撞坏', '二个月', '发现', '退换货', '申请', '电话', '客服', '跟进', '进度', '一遍', '一遍', '打电话', '问']"
2000,"['新房子', '装修', '中', '没用', '过后', '评价']"
8985,"['史密斯', '热水器', '这套', '房子', '80L', '全家', '够']"
8736,"['拆封', '安装', '约', '先', '评个', '分']"
2009,"['关键', '便宜', '安装', '额外', '花', '200闹心']"
8127,"['希望', '想象']"
8545,"['产品', '高大', '唯一', '不好', '提示', '材料费', '自付', '付款', '三百多']"
1564,"['热水器', '牌子']"
1676,"['东西', '送货', '迟到', '一个多', '小时']"
7446,"['这是', '我家', '第二个', '史密斯', '热水器', '第一个', '六年', '出过', '第二个']"
2176,['cfhjnhfd']
1914,"['热水', '很快', '夏天', '烧好', '一桶', '够', '好几个', '人用']"
1835,"['刚刚', '热水器']"
6032,['19132867281913286728']
9500,"['安装', '送货到', '', '快']"
3876,"['送货', '服务', '不好', '听', '难听', '物流', '死', '天经地义']"
9013,"['送货', '师傅', '负责', '扛', '楼上']"
1113,"['热水器', '认', '第三个']"
3862,"['发票', '安装费', '材料费', '太高', '收', '钱', '天送', '发票', '一去', '回头', '骗子']"
6974,"['安装费', '不算', '贵', '安装', '很漂亮', '细心', '门口', '上方', '加', '一副', '支架', '买个', '放心', '插座', '加', '漏电', '保护', '开关', '热水器', '双保险', '加热', '很快', '屏幕', '触控', '热水', '出水', '稳定', '量', '图片']"
6949,"['每家', '一台', '欢乐', '史密斯', '热水器', '质量', '真的', '不错', '牌子']"
756 ,"['价格', '贵']"
1467,"['安', '装修', '囤货', '中', '说好']"
4425,"['未', '安装', '不知', '好不好']"
4473,"['写', '长', '评价', '就行了']"
1612,"['牌子', '买回去', '安装', '省心', '有点', '后悔', '配件', '掏钱', '安装', '麻烦', '死人']"
7616,"['送货', '晚到', '天', '安装', '师傅', '打开', '包装', '发现', '边上', '10公分', '装瘪', '说装', '装上', '换', '拆装', '费用', '算', '时间', '误工', '算', '只能', '自认倒霉']"
689 ,"['晒', '图', '奖品']"
8098,"['安装', '收', '车费', '心情', '愉快', '送', '毛巾', '还好']"
696 ,"['送货', '很快', '安装']"
2057,"['纠结', '买个', '牌子', '热水器', '果断', '选择', '史密斯', '冬天', '太阳能', '日子', '美美', '洗澡', '咯']"
5689,"['外观', '不错', '材料费', '不低', '收费', '一点', '生', '胶带', '不让', '白用', '服务', '有点', '机子']"
4499,"['没用', '感觉', '行', '安装', '人员', '不错']"
8045,"['买下', '师傅', '安装']"
1720,"['赠品', '填', '评价', '标签', '选项', '还好']"
4517,"['价格', '实惠', '用券', '上门', '安装费', '贵', '400自行', '安装']"
1760,"['家里', '史密斯', '热水器', '很多年', '坏过', '热水', '快', '箱子', '里', '全配', '花洒', '花洒']"
3968,"['第二次', '史密斯', '热水器', '始终', '失望']"
4201,"['价钱', '热水器', '做工', '真的', '有点', '差', '吹起来', '牌子', '希望', '多用', '两年']"
4520,"['装修', '看着', '挺不错']"
8183,"['新房', '装上', '没用', '补']"
1707,"['阿斯', '达', '飞飞', 'GHJSRS']"
742 ,['安装']
1792,"['尼', '玛', '写', '半天', '写给', '赠品', '浴巾', '发', '家里', 'AO', '史密斯', '热水器', '老家', '父母', '燃气', '热水器', '坏', '十多年', '没用', '天然气', '液化', '石油气', '买个', '电热水器', '省事', '东西', '出人命', '目前为止', '电热水器', 'AO', '史密斯', '专注', '品牌', '做', '东西', '质量', '可靠', '情况', '双胆', '加热', '相对来说', '更省', '电些', '60L', '东北', '冬天', '有点', '得开', '水流', '建议', '东北', '80L']"
8975,"['热水器', '很漂亮', '加热', '快', '省', '电']"
4394,"['用过', '史密斯', '热水器', '新房', '装修', '还选', '史密斯', '热水器']"
1845,"['不好', '不好', '超级', '不好', '收到', '货', '安装', '师傅', '辛辛苦苦', '安装', '坏', '压根', '工作', '师傅', '超级', '负责', '态度', '超好', '技术', '精熟', '份', '铁定', '差评', '浪费', '白天', '时间', '师傅', '半天', '时间', '麻烦', '师傅', '跑来跑去']"
5830,"['安装', '装完', '追评']"
5123,"['听说', '热', '水壶', '送']"
5876,"['家里', '原有', '燃气', '热水器', '装', '史密斯', '电热水器']"
8072,"['新房', '安装', '先', '评价']"
5901,"['效果', '不知', '安装', '热水器', '小哥', '倒', '态度', '不错', '手艺', '差点', '第一次', '钉', '挂', '杆', '偏', '墙砖', '凿', '四个', '洞', '还好', '热水器', '挡', '看不出来']"
9175,"['回老家', '运输']"
6855,"['不好', '产品', '强烈推荐']"
2039,"['亲戚', '朋友', '史密斯', '热水器', '挺好用']"
6926,"['热水', '速度', '快', '占', '地方']"
853 ,"['大大的', '赞字', '评价', '晒', '单里']"
4141,"['确实', '省', '电', '后悔', '没卖个', '大点', '冬天', '水', '有点']"
2016,"['搞', '活动', '没用', '不知', '质量']"
4295,
340 ,"['刚刚', '安装']"
8067,"['很赞', '热水器']"
4257,['安装']
1871,['挺好用']
2029,['asdwdsadwaasdwdsadw']
4068,"['担心', '外国', '牌子', '安装', '证实', '想']"
8865,"['未', '安装', '牌子']"
4456,"['安装', '家里', '史密斯', '不错']"
4421,"['遥控', '老人']"
472 ,"['很漂亮', '其他费用', '太贵', '远程', '费', '材料费', '加', '四五百', '感觉', '有点', '变相', '坑人']"
622 ,"['安装', '正式', '质量']"
5122,"['老房子', '没地线', '只能', '退货']"
8177,"['史密斯', '牌子', '好用']"
8155,"['未', '安装', '暂时', '评价']"
90  ,"['装上', '没用']"
2061,"['全家', '牌子']"
7705,"['安装', '费', '事']"
8911,"['购买', '安装', '买发', '排污阀', '气阀', '小东西', '不送', '购买']"
8813,"['晒单', '形式', '史密斯', '用不着', '晒', '热', '水壶', '俗套', '一会']"
5783,"['家里', '第一款', '热水器', '史密斯', '搬新家', '热水器', '想到', '史密斯']"
4238,"['AO', '电热水器', '装', '两个', '感觉', '不错']"
9237,"['热水器', '没得说', '安装费', '太贵', '距离', '收', '五百', '大洋', '塑料', '管子', '朋友家', '按装', '金属管', '贵']"
1786,"['没用', '行', '试', '行']"
8777,"['史密斯', '热水器', '好用', '新家', '购买', '最新款', '放心']"
5588,['价位']
473 ,"['京|', 'I', '|西', '北京', '第一次', '珠海', 'I', '|西', ']', '想到', '送', '速度', '是', '之快', 'M意', '昨天', '送', ']安b']"
7707,"['免费', '安装', '管子', '肯定', '不能自己', '装', '量尺寸', '收费']"
1828,"['送货', '速度', '真心', '快']"
6536,"['感觉', '不错', '用电量', '低', '功率', '模式', '耗电', '很大']"
1196,"['安装', '发现', '期望', '太', '唯一', '显示', '水量', '地方']"
4444,['牌子']
1427,"['家里', '新房', '信任', '史密斯', '品牌', '下单', '物流', '很快', '京东', '委托', '物流', '公司', '送货员', '不太', '负责', '打电话', '告知', '热水器', '圆通', '快递', '送到', '镇上', '圆通', '取件', '太', '负责', '电话', '送货', '师傅', '十几个', '不好意思', '回家', '检查', '外包装', '完好', '想想', '算了']"
8782,['zZ']
7690,"['10月', '15日买', '价格', '11月', '日', '京东', '太', '坑人', '赔', '差价', '安装', '糟糕', '打开', '箱子', '机器', '支架', '购买', '材料费', '付', '372安装', '师傅', '选择', '薄墙', '安装', '费', '材料', '墙', '薄', '怀疑', '支撑', '发现', '安装', '师傅', '墙上', '打洞', '我家', '墙', '打通', '我家', '厨房', '间', '橱柜', '木板', '打通', '选择', '堵墙', '安装', '安', '气愤', '气愤', '买个', '机器', '搞', '一肚子气', '满意']"
5824,"['存货', '先给', '好评']"
6623,"['安装', '装', '一个多', '星期', '一趟', '回去', '做', '架子', '一个多', '星期', '安装费', '收', '377小贵', '安装工人', '浴巾', '热', '水壶', '如约', '送']"
1306,"['房子', '装修', '未用', '样子', '不错']"
5120,"['京东', '材料', '忽悠', '材料费', '远远', '大于', '京东', '介绍', '材料', '费用', '自带', '挂勾', '挂勾', '一块', '破', '铁皮', '50材料费', '搞', '400价', '买个', '国产', '热水器', '京东', '材料费', '太', '坑人']"
1508,"['师傅', '挺坑', '骗', '件']"
3849,"['太难', '安装费', '贵', '离谱']"
1500,"['安装费', '贵', '点']"
292 ,"['帮', '反馈', '不行', '不错']"
79  ,"['品牌', '东西', '这台', '时间', '说话', '品牌', '形象', '服务', '人员', '展现', '上班', '老太太', '在家', '安装', '路由', '不到', '2m', 'ppr', '个角筏', '收', '百多', '安装', '电话', '敢留', '做', '天在']"
1588,"['体积小', '热得快', '声音', '轻']"
1781,"['快递', '员', '送', '上楼', '给力']"
4312,"['出水', '效率高', '点火', '快', '功能齐全']"
8756,"['没用', '贵', '不错']"
8698,"['全', '隐蔽', '装修', '特地', '选了', '这款', '实际操作', '年', '不见', '液晶显示', '只能', '遥控器', '地面', '操作', '看似', '遥控器', '不起作用', '水温', '变化', '原先', '装上去', '时', '低峰', '加热', '模式']"
5729,"['享受', '免费', '安装', '服务', '差']"
4233,"['地漏', '安']"
841 ,"['还成', '服务到位']"
9235,"['安装', '牌子']"
7697,"['东西', '体积', '同学', '想']"
5652,"['新买', '用过', '评价']"
1476,"['感觉', '牌子', '热水器', '不错', '没用']"
1417,"['安装', '段时间', '安装']"
1584,"['老牌子', '用用']"
1237,"['价格', '贵', '安装费', '收', '四百多', '后悔', '时', '评价']"
66  ,"['机器', '烧热', '一会', '热水', '怎么回事']"
1630,"['安装', '感觉', '不错']"
1671,"['安装', '未', '到货', '时间', '快', '接到', '安装', '师傅', '电话', '打算', '安装']"
7975,['东西']
1402,"['安装', '牌子', '错']"
1636,"['质量', '对得起', '价钱', '安装']"
1332,"['外观', '很漂亮', '老牌子', '质量', ']有', '没用', '用后', '再评']"
4153,"['安装费', '接近', '400小贵', '实体店', '谈好', '估计', '价了', '热水器', '好用']"
8053,"['送货', '快', '家里', '油漆', '拆开']"
7925,"['装修', '备货', '用过', '安装', '差']"
7461,"['隔天', '装', '箱子', '底部', '有点', '破', '还好', '东西', '没坏', '安装', '师傅', '专业', '安装费', '253块', 'Ｊ', 'd', '脑残', '电子', '发票', '隔', '几天', '打印']"
7268,['正式']
1596,"['送货', '快', '发票']"
1273,"['感觉', 'AO', '特别', '贵', '特价', '马马虎虎', '一台']"
1463,"['好用', '台', '星']"
1501,['安装']
9222,['说好']
956 ,"['装修', '烧', '两次', '常用', '安装费', '有点', '高']"
1498,"['还好', '发回去', '家人', '发回去', '客服', '找人', '安装', '却说', '200块', '手续费', '全国', '免费', '安装', '我晕']"
682 ,"['性价比', '高']"
5508,"['安装', '挺不错']"
5650,"['安装', '评价']"
5626,"['卫生间', '装修', '安装', '安装', '师傅', '电话', '问', '装']"
6852,"['热水器', '安装', '后续', '追加', '评论']"
671 ,"['史密斯', '热水器', '10年', '坏', '服务', '人员', '师傅', '真的', '差劲']"
7431,"['烧水', '快', '烧得', '快用', '快', '热水', '利用率', '70%', '90%', '厉害']"
7321,"['售后', '坑人', '本来', '同情', '辛苦', '好歹', '赚', '一点', '配件', '狠狠', '地宰', '一笔', '明明', '市区', '不远', '收', '远程', '服务费', '所用', '配件', '质量', '很差', '还给', '截止阀', '情况', '配件', '价格比', '网上', '公布', '贵', '安装', '线路', '很丑', '使劲', '弯头', '配件', '大洋', '金牌', '用户', '京东', '厂家', '差评', '这是', '第一次', '差评', '售后', '确实', '太', '气愤', '建议', '配件', '质量', '实惠', '千万别', '看不上', '服务', '配件', '实在', '太差', '配件', '差', '后患无穷']"
7242,"['确认', '收货', '晚']"
7379,['好哈']
7687,"['热水器', '安装', '评价', '赠品', '太差', '不送', '不像', '介绍', '高端', '大气', '上档次', '浴巾', '包装', '塑料袋', '破', '白色', '毛巾', '脏', '一塌糊涂', '太', '差', '习惯', '好评', '忍']"
1165,"['安装', '评价', '延保']"
1207,"['货已', '收到', '安装']"
1193,['没装']
965 ,"['说好', '免费', '安装', '两个', '安装', '安装费', '每台', '一共', '合适', '气愤']"
7313,"['感觉', '不错', '没用']"
1435,"['送货', '超级', '快', '避开', '高峰']"
64  ,"['发货', '倒', '委托', '物流', '送货员', '不称职', '货', '甩', '圆通', '快递', '语', '打电话', '问', '十个', '对不起', '还好', '检查', '热水器', '包装', '勉强']"
1303,"['想', '未', '安装', '安装', '追加', '评论']"
42  ,"['热水器', '安装', '人员', '有点', '地道', '明明', '热水器', '包装', '里', '垫片', '收费', '装完', '收拾', '发现']"
1424,"['安装', '时', '花洒', '位置', '晕倒', '花洒', '挂上去', '喷水', '就会', '淋到', '热水器']"
1258,"['安装费', '450贵', '材料', '四百', '坑']"
1377,"['安装', '希望', '安装', '给力']"
1336,"['送到', '拆封', '买过']"
7926,"['用过', '装修', '新买']"
1383,"['活动', '价格便宜', '安装']"
1468,"['认准', '史密斯', '老牌子', '热水器']"
1279,"['东西', '不错', '关键', '一点', '明白', '开着', '浪费', '电', '关', '开', '浪费', '电']"
1232,"['热水器', '只选', 'AO', '史密斯', '年前', '牌子', '一丁点', '小毛病', '帮', '朋友', '强烈推荐', '牌子']"
793 ,"['送货', '安装', '希望', '好用']"
1267,"['双十', '一买', '发货', '准时', '安装', '师傅', '耐心', '特别', '解释', '为啥', '要装', '支架', '担心', '支架', '好看', '实际上', '想象', '三角型', '放在', '热水器', '底下', '那种', '字母', '型', '挂', '墙上', '热水器', '掩盖住', '话', '安装费', '真', '便宜', '支架', '壹', '百五十', '大洋', '总体', '满意', '唯一', '一点', '遗憾', '安装', '师傅', '插', '头上', '塑料', '保护套', '收走', '热水器', '插头', '家', '电插头', '插头', '保护套', '插', '那天', '不用', '拔', '插头', '割伤', '电信']"
1514,"['送货', '快', '不知', '质量']"
788 ,"['说好', '双立人', '年', '延保']"
5489,"['安装', '装修', '中', '希望', '到时候', '给力']"
5592,"['双十', '一买', '送货', '有点', '慢', '理解', '无语', '放到', '电梯', '走', '态度', '不怎么样']"
4002,
4017,"['物流', '不给力', '二环', '桥西区', '送货', '下单', '新华区', '只得', '找', '客货运', '安装', '希望', '宝贝', '完好']"
5483,"['送货', '快', '价格比', '便宜']"
4078,"['没用', '评价']"
3958,"['没用', '等待', '中']"
4062,"['说好', '浴巾']"
8658,"['囤货', '没用', '总体', '双十', '购物', '感觉', '不错', '赠品', '发货', '稍慢', '没收']"
5605,['又快又好']
3995,"['没用', '两个', '够用']"
1497,"['早上', '加热', '43度', '关机', '13小时', '温度', '降到', '34度', '保温', '效果', '还好']"
1362,"['按装', '人抱', '不动', '装完', '追评']"
5428,"['到货', '打电话', '预约', '安装', '服务']"
951 ,"['浴巾', '送到', '送到', '浴巾']"
8660,"['史密斯', '热水器', '父母', '这款', '安装', '不错']"
6886,"['网上', '不带', '淋浴', '头', '先装', '厂家', '再来', '装', '安装费', '花', '四百多', '算', '实体店', '便宜']"
1457,"['安装', '还行']"
8583,['物超所值']
1511,"['帮', '家人', '一款', '热', '快']"
932 ,['还好']
6530,"['没花', '洒', '滑水', '划']"
4010,['追评']
4127,"['安装', '装', '再评']"
1489,"['热水器', '质量', '安装', '太贵']"
1428,"['三星', '送', '两天', '降价', '价保']"
4060,"['物流', '超快']"
1034,"['整机', '没带', '说明书', '保修卡', '导致', '后果', '接', '电通', '水后', '未', '排掉', '多余', '空气', '导致', '干烧', '显示', 'E3', '故障', '提示', '上网', '查到', '原因', '包装', '里', '配', '泄压阀', '两个', '挂钩', '大件', '东西', '懒得', '退来', '换', '嫌', '麻烦', '组装', '上墙', '启用', '装', '水管', '接', '插板']"
8640,"['未', '安装', '装修', '装', '囤货']"
43  ,"['加热', '很快', '水温', '20分钟', '70度']"
5451,"['感觉', '热水器', '品牌', '有点', '贵']"
309 ,"['双', '11预约', '两次', '上门', '安装', '师傅', '改期', '语', '安装', '谈不上', '效果']"
1203,"['装修', '搞完', '装修', '再装', '物流', '特快']"
864 ,['帮别人']
5408,"['热水器', '上门', '安装', '一笔', '费用', '感觉', '坑', '收', '块钱', '上门', '师傅', '列', '一堆', '清单', '签名', '确认', '安装', '不装', '郁闷', '安装', '收费', '太贵', '满意']"
1252,['评论']
1156,"['家里', '老人', '安装', '师傅', '我家', '地线', '接', '合格', '义务', '帮', '接', '地线', '安装', '第二天', '公司', '做', '电话', '回访']"
1031,"['安装', '装上', '追平', '装修', '中']"
3794,"['产品质量', '有待', '可恶', '上门', '安装', '服务', '太差', '预约', '迟迟', '不见', '一怒之下', '安装', '挥一挥', '锤子']"
5072,"['热水器', '加热', '速度', '快', '安装费', '390挺贵', '五颗星', '热水器', '厂家', '客服', '电话', '客户', '差评', '太直', '强迫']"
746 ,"['送货', '很快', '没用', '装修', '囤货', '中']"
4012,"['安装费', '三百', '实在', '贵', '市场', '太', '混乱', '安装', '人员', '素质', '低', '特别', '看人行事', '只想', '挣钱', '热水器']"
3965,"['电热器', '看着', '快递', '准时', '说好', '16号', '16号']"
48  ,"['京东', '服务', '太', '差']"
1519,"['60升', '好彩', '80升', '退货']"
5430,"['安装', '感觉', '不错']"
7170,"['安装', '评价', '不错']"
1177,"['试', '不错']"
1028,"['不知', '人来', '安装', '希望', '联系方式']"
1181,"['差评', '上门', '安装', '师傅', '态度', '不好', '师傅', '装']"
7254,"['没用', '买回来', '上楼', '再用']"
1119,"['差到', '爆', '说好', '送', '浴巾', '送', '热水器', '双', '11订', '送', '热水器', '浴巾', '沟通', '无数次', '每次', '送过来', '大半个', '月', '见到', '东西', '京东', '服务', '办法', '形容', '太差', '投诉', '投诉', '次', '解决', '条', '浴巾', '不值', '几个', '钱', '讲个理', '说好', '东西', '写']"
5346,"['东西', '真不错', '便宜', '买时', '尺寸', '导致', '装上', '打开', '窗户', '只能', '退货']"
745 ,"['说好', '双立人', '刀', '送']"
1029,"['长时间', '发票']"
7378,"['外地', '房子']"
1586,"['热水器', '质量', '肯定', '价格', '摆着', '售后', '收钱', '原因', '太', '偏', '品牌', '收费']"
6783,"['购入', '两台', '还行', '先用']"
21  ,"['热水器', '不错', '安装', '师傅', '材料费', '好贵']"
5443,"['装修', '安装', '拆开', '包装', '发现', '混', '水阀']"
17  ,"['未', '安装', '知名品牌', '还好']"
625 ,"['开箱', '找', '安装']"
1146,"['未', '安装', '不错']"
5538,"['热水器', '感觉', '贵', '安装', '实在', '太', '地漏', '安装', '安装', '服务', '好点']"
2   ,['安装']
6857,['好用']
877 ,['下回分解']
5494,"['昨天', '货', '安装', '几天', '评论']"
1430,"['不说', '安装', '地线', '嫌远', '不肯', '找', '借口', '地线']"
34  ,"['bbc', '草']"
4186,"['东西', '力', '安装', '太', '坑人', '东西', '装', '不装', '试', '强盗']"
1073,"['真的', '好用', '这是', '第二次', '家里人']"
8509,"['没用', '外观', '不错', '外国', '牌子', '差']"
1292,"['安装', '师傅', '地漏', '只好', '退']"
5455,['送货']
4200,"['装', '再评', '几天']"
5421,"['双十', '一给', '家里', '没装']"
1003,"['安装', '想象', '中', '差点', '短胖', '安装', '小心', '碰', '碰', '小坑']"
1172,"['打电话', '一星', '差评', '真的', '想', '一百元', '送货', '费', '真的', '实在', '不好', '谢谢']"
445 ,"['装修', '备货']"
6525,"['东西', '不错', '安装费', '太贵', '足足', '花', '三百', '八块', '后悔', '死', '不用', '料', '保修', '典型', '强制', '销售']"
7456,"['送货', '很快', '昂', '未', '安装', '静等', '试水']"
6687,"['提前', '没用', '厕所', '贴', '砖', '挂']"
4105,"['20分钟', '热水']"
4196,"['几好', '挂', '仲未装']"
4173,"['送货', '速度', '极快']"
1142,['还好']
5084,"['安装', '坏', '屏幕显示', 'e7', '申请', '更换', '麻烦', '热水', '不知', '多久', '换', '想不到', '中', '热水器', '宝马', '坏']"
1124,"['单位', '牌子']"
5431,['haohgfhbf3343cxcxdsxc']
5380,"['未', '拆装', '家装', '囤货']"
4255,"['东西', '横好']"
4050,['看着']
3991,"['安装', '比苏', 'SN', '要贵', '一点', '下次', 'SN', '不让', '屏蔽']"
5060,"['先', '安装']"
3990,"['店里', '便宜', '送货', '挺快', '没用']"
3964,"['安装', '价格比', '商场', '便宜']"
6605,"['想', '洗', '洗', '一洗']"
4254,"['热水器', '安装', '外包装', '不让', '拆', '售后', '安装', '师傅', '动', '判断', '质量']"
1080,['没用']
7874,"['物有所值', '物有所值']"
7329,"['东西', '安装', '好不好']"
6674,"['史密斯', '热水器', '可以信赖']"
6606,"['失望', '热水', '持续时间', '短', '洗着', '洗', '冷', '温度', '掉', '厉害']"
11  ,"['安装', '嘞', '安装', '嘞']"
979 ,"['东西', '收到', '安装', '后续', '做', '评价']"
4110,"['一如既往', '号']"
1084,"['发货', '挺快', '没用', '追评']"
9   ,"['安装', '配件', '太贵', '支架', '80块', '挂钩', '50块', '接头', '20好多个', '五金店', '贵', '好几倍', '装好', '300']"
8588,"['恍恍惚惚', '经济界', '斤斤计较']"
4077,"['收到', '安装']"
4070,['价格合理']
7252,"['好用', '无话可说']"
5295,"['安装', '装修']"
7811,['好用']
9081,"['安装', '感觉', '挺棒']"
8594,"['几年', '前', '第一次', '购买', '不错', '质量', '出过', '老家', '父母', '房子', '装修', '史密斯', '80L', '电热水器', '感觉', '特', '换', '一套', '复式', '房子', '打算', '楼下', '燃气', '热水器', '供水', '燃气', '供水', '速度', '快', '楼上', '电热水器', '供水', '坚信', '国外品牌', '品质']"
1013,"['送货', '上楼', '废话', '特别']"
9080,['k']
919 ,"['前人种树', '后人', '完凉', '种花', '手机', '流量', '速度', '有限', '晒', '最想', '泄', '压阀', '流水', '感觉', '行', '有个', '导流', '不让', '水', '滴下来', '不想', '沿墙', '流下来', '定期', '手动', '倒掉', '点', '加热', '泄压阀', '流出', '水', '高级', '点', '感觉', '放到', '埋进', '墙', 'PVC', '导流', '软管', '放到', '地漏', '感觉', '怪怪的']"
995 ,"['买来', '坏', '换']"
1002,"['安装', '先给', '好评']"
1645,"['家里', '刚刚', '安装', '史密斯', '热水器', '听说', '送', '水壶', '晒']"
1714,"['我快', '蒙圈', '评价', '找不着', '头', '电脑', '玩']"
1849,"['自提', '发现', '石家庄', '大库', '真的', '很大', '库存', '给力']"
1902,"['快递', '师傅', '扛', '楼', '怨言', '态度', '超好', '热水器', '开箱', '安装', '时', '开']"
1925,"['你家', '新进', '两年', '盖', '装修', '奉劝', '斯密斯', '安装工', '一句', '接地线', '找', '电工', '钻地', '打洞', '真心', '麻烦', '东西', '不错', '安装', '过程', '愉快']"
1938,"['未', '正式', '冲着', '朋友', '牌子', '好用', '希望', '真的', '好用']"
2041,"['安装', '外表', '很漂亮']"
2073,"['不错', '送货', '第二天', '安装', '燃气', '拆', '装上', '电', '不改', '水管', '另加', '钱', '装在', '阳台', '全屋', '晚上', '关了', '电', '第二天', '三十', '冬天', '品牌', '信得过']"
2098,"['装好', '试', '真心', '很赞', '喜欢']"
2133,"['热水器', '装', '棒极了']"
2821,"['未开', '包装']"
3122,"['称赞', '东西', '史密斯', '东西', '不错', '安装', '语', '上门', '我家', '墙', '我家', '墙会', '倒', '装', '技术', '硬', '我家', '请人装', '我家', '墙']"
3214,"['一台', '电热水器', '一台', '燃气', '热水器', '感觉']"
3215,"['史密斯', '品牌', '信得过', '旧', '房子', '牌子', '热水器', '搬家', '牌子']"
3289,"['送货', '挺快', '安装']"
3292,"['听说', '史密斯', '热水器', '一辈子', '打算', '试试']"
3324,"['没说', '不好']"
3403,"['质量', '过得硬', '硬', '硬']"
3415,"['装修', '安装', '安装', '追加', '评论']"
3452,"['宣传', '安装', '师傅', '忙']"
3873,"['接地', '装']"
3913,"['打牌', '打牌']"
3934,"['送货', '挺快', '京东', '差劲', '屏蔽', '信息', '不让', '做', '评论']"
4093,"['看着', '安装', '材料费', '太贵', '太贵', '强烈建议', '安装', '材料费', '调整']"
4371,
4382,"['房子', '牌子', '换', '房子', '史密斯']"
4414,"['安装', '先', '告诉', '钱', '安装费', '真', '坑人']"
4464,"['物流', '很快']"
4477,"['眼光', '50年']"
4537,['行']
4943,"['安装', '师傅', 'ppr', '热水器', '花', '114配件', '费', '好贵', '第二天', '客服', '回访', '配件', '费好', '贵', '客服', '公司', '一点', '不好']"
4947,['没用']
5019,"['刚刚', '安上', '还行', '用过', '一段时间']"
5031,"['感觉', '行', '安装', '给评']"
5051,"['装上去', '说好', '', '送', '京', '卷']"
5131,"['不错', '洗', '人后', '不行']"
5137,"['没用', '评价']"
5376,"['牌子', '使用不当', '坏掉']"
5676,"['帮', '同事', '物流', '速度', '挺快', '安装', '两天', '追评']"
5771,"['安装费', '300装上', '没用']"
5858,"['反正', '热水器', '样子', '电', '温度']"
5897,['安装']
5928,"['安装', '花', '钱']"
5994,"['第二件', '亲戚', '家里', '同款']"
6017,"['史密斯', '品牌', '县城', '配送', '无奈', '发到', '市里', '市里', '拉回来', '想要', '史密斯', '包装', '扎实', '未', '安装', '装修', '囤货', '中']"
6271,"['物流', '很快', '没用', '多长时间']"
6357,"['价格比', '同事', '家买', '机械', '版', '贵', '六七百', '确实', '好看']"
6389,"['60升', '很大', '款', '热水器', '标配', '混', '水阀', '家里']"
6455,"['想', '放到', '楼下', '条件', '只好', '放进', '楼上', '卫生间', '里', '不错']"
6534,"['加热', '很快', '家里', '水压', '出水量', '我妈', '不爽', '用电', '比用', '煤气', '省', '下个月', '电费', '单才']"
6877,"['京东', '延时', '送货', '准时', '送', '毛巾', '家里', '装修', '中', '晚些时候', '装']"
6921,"['牌子', '保障']"
6982,"['购买', '两台', '史密斯', 'ET800J', '60热水器', '送货', '很快', '很漂亮', '安装', '差']"
7277,"['昨天', '刚装', '没用', '自备', '角阀', '材料费', '224材料费', '太坑']"
7473,"['放空', '水']"
7650,"['这是', '第二个', '朋友', '好用']"
7780,"['功能', '好好', '机械', '易', '修理', '担心', '维修', '喜欢', '插头', '防', '漏电', '有点', 'D', '发热']"
7781,"['功能', '好好', '机械', '操作', '简单', '易', '维修', '牌子', '超', '耐用', '喜欢', '防漏', '电插头', '发热']"
8064,"['认准', '史密斯', '超级', '放心']"
8349,"['很快', '安装', '试用']"
8352,"['安装', '没用']"
8372,"['电老虎', '安装费', '太高']"
8435,
8459,"['未', '安装', '包装', '完好']"
8487,"['热水器', '够', '安装费', '太贵']"
8547,['够用']
8626,"['说好', '萨拉', '非主流', '符号', '楼房']"
8763,"['安装费', '收', '材料', '用到', '安装', '师傅']"
8806,"['囤货', '中', '安装', '打开', '送货', '快']"
8872,['恒温']
8876,['先装']
8878,"['装好', '家装']"
8996,"['史密斯', '热水器', '家里', '60升', '10多年', '新房', '装修', '80升', '担心', '燃气', '热水器', '安全性', '用电', '心安', '家里', '拔电', '耗电量', '感觉', '不高']"
9340,"['先不说', '热水器', '咋样', '单说', '服务态度', '超好', '超好']"
9429,"['还会', '舒服', '烧水', '很快']"
9442,"['安装', '两个', '月', '装', '装好', '评价']"
9444,"['安装', '安装费', '300块', '太贵', '过段时间', '追加']"
9446,"['按装', '再评']"
9598,"['安装', '材料费', '收', '270坑']"
9601,['还好']
9679,"['感觉', '还好', '上门', '很快', '收费', '便宜']"
9690,"['送货', '麻烦', '还好']"
